{"nodes": [{"bias": 0.4918536727973282, "aggregation": "sum", "activation": "purelin", "key": 0, "response": 1.0, "number": 0}], "key": 4414, "edges": [{"enabled": true, "key": [-6, 0], "weight": -2.185515559173712}, {"enabled": true, "key": [-4, 0], "weight": -0.3442777272580208}, {"enabled": true, "key": [-3, 0], "weight": -3.1377489260669575}, {"enabled": true, "key": [-2, 0], "weight": 2.711322510428475}], "fitness": 59.76}