{
    "nodes": [
        {
            "key": 0, 
            "aggregation": "sum", 
            "response": 1.0, 
            "number": 0, 
            "activation": "sigmoid", 
            "bias": 0.04245775296790166
        }
    ], 
    "key": 9344, 
    "fitness": 42.44, 
    "edges": [
        {
            "key": [-6, 0], 
            "weight": -7.879693394235895, 
            "enabled": true
        }, 
        {
            "key": [-4, 0], 
            "weight": -1.5406142583148954, 
            "enabled": true
        }, 
        {
            "key": [-3, 0], 
            "weight": -1.7233804689689838, 
            "enabled": true
        }, {
            "key": [-2, 0], 
            "weight": 2.1950908040732275, 
            "enabled": true
        }
    ]
}